func,seed,variant,final,dup_frac
1,0,P14_fixed,301.449951171875,0.0675
1,0,P14_buggy,300.4053039550781,0.37
1,0,NoRay_fixed,14372.48046875,0.995
1,0,NoRay_buggy,14779.25390625,0.9975
1,1,P14_fixed,444.54931640625,0.07250000000000001
1,1,P14_buggy,300.87420654296875,0.33499999999999996
1,1,NoRay_fixed,16682.880859375,0.9925
1,1,NoRay_buggy,17898.13671875,0.995
1,2,P14_fixed,334.0328063964844,0.10250000000000004
1,2,P14_buggy,300.9714660644531,0.3225
1,2,NoRay_fixed,14324.98046875,0.995
1,2,NoRay_buggy,17997.33984375,0.995
1,3,P14_fixed,328.6456298828125,0.06000000000000005
1,3,P14_buggy,300.0475158691406,0.29000000000000004
1,3,NoRay_fixed,19155.78515625,0.9975
1,3,NoRay_buggy,30572.71875,0.98
1,4,P14_fixed,359.5295104980469,0.06000000000000005
1,4,P14_buggy,306.914306640625,0.28500000000000003
1,4,NoRay_fixed,19186.48828125,0.985
1,4,NoRay_buggy,18570.384765625,0.9975
1,5,P14_fixed,489.88458251953125,0.06499999999999995
1,5,P14_buggy,300.0526428222656,0.28
1,5,NoRay_fixed,15015.0947265625,0.9925
1,5,NoRay_buggy,16329.3603515625,0.9975
1,6,P14_fixed,436.8023986816406,0.06999999999999995
1,6,P14_buggy,306.686767578125,0.34750000000000003
1,6,NoRay_fixed,23006.3359375,0.995
1,6,NoRay_buggy,24026.431640625,0.9975
1,7,P14_fixed,456.80322265625,0.08250000000000002
1,7,P14_buggy,300.03125,0.26
1,7,NoRay_fixed,13565.0869140625,0.99
1,7,NoRay_buggy,15168.6240234375,0.9975
1,8,P14_fixed,340.7449951171875,0.08250000000000002
1,8,P14_buggy,300.0315246582031,0.2825
1,8,NoRay_fixed,17983.41015625,0.9975
1,8,NoRay_buggy,18423.62109375,0.9925
1,9,P14_fixed,439.9488525390625,0.07999999999999996
1,9,P14_buggy,300.51513671875,0.37
1,9,NoRay_fixed,18425.126953125,0.9975
1,9,NoRay_buggy,22336.03515625,0.9975
1,10,P14_fixed,311.6916198730469,0.07250000000000001
1,10,P14_buggy,302.4129333496094,0.3125
1,10,NoRay_fixed,13632.8037109375,0.9975
1,10,NoRay_buggy,12445.3388671875,0.9375
1,11,P14_fixed,525.8560791015625,0.06999999999999995
1,11,P14_buggy,303.0700988769531,0.36750000000000005
1,11,NoRay_fixed,21608.826171875,0.995
1,11,NoRay_buggy,22337.46484375,0.9975
1,12,P14_fixed,347.0224609375,0.0625
1,12,P14_buggy,309.572998046875,0.38749999999999996
1,12,NoRay_fixed,16690.212890625,0.9925
1,12,NoRay_buggy,19395.26953125,0.96
1,13,P14_fixed,467.2756652832031,0.09750000000000003
1,13,P14_buggy,300.8992004394531,0.2925
1,13,NoRay_fixed,17215.962890625,0.9975
1,13,NoRay_buggy,17210.314453125,0.9975
1,14,P14_fixed,320.2568664550781,0.04249999999999998
1,14,P14_buggy,300.0177307128906,0.2925
1,14,NoRay_fixed,17596.888671875,0.9975
1,14,NoRay_buggy,19804.3359375,0.9725
2,0,P14_fixed,454.7210693359375,0.0
2,0,P14_buggy,445.3819885253906,0.29000000000000004
2,0,NoRay_fixed,1423.6005859375,0.9575
2,0,NoRay_buggy,1512.50439453125,0.99
2,1,P14_fixed,405.7315368652344,0.012499999999999956
2,1,P14_buggy,473.02667236328125,0.26749999999999996
2,1,NoRay_fixed,1420.453125,0.995
2,1,NoRay_buggy,1177.11376953125,0.955
2,2,P14_fixed,456.75201416015625,0.010000000000000009
2,2,P14_buggy,445.8592529296875,0.3025
2,2,NoRay_fixed,1005.6078491210938,0.99
2,2,NoRay_buggy,1168.246826171875,0.8975
2,3,P14_fixed,467.212890625,0.0050000000000000044
2,3,P14_buggy,447.2412109375,0.2975
2,3,NoRay_fixed,1508.6298828125,0.99
2,3,NoRay_buggy,1318.427978515625,0.995
2,4,P14_fixed,452.4413146972656,0.0
2,4,P14_buggy,457.4152526855469,0.2875
2,4,NoRay_fixed,1317.5926513671875,0.9625
2,4,NoRay_buggy,1757.81103515625,0.99
2,5,P14_fixed,451.443115234375,0.0050000000000000044
2,5,P14_buggy,403.4963684082031,0.2975
2,5,NoRay_fixed,1128.5538330078125,0.9925
2,5,NoRay_buggy,1105.577880859375,0.935
2,6,P14_fixed,421.91180419921875,0.012499999999999956
2,6,P14_buggy,471.40771484375,0.245
2,6,NoRay_fixed,1590.117431640625,0.97
2,6,NoRay_buggy,1727.2696533203125,0.99
2,7,P14_fixed,471.94329833984375,0.0024999999999999467
2,7,P14_buggy,403.11767578125,0.24750000000000005
2,7,NoRay_fixed,1409.932861328125,0.995
2,7,NoRay_buggy,1417.457275390625,0.995
2,8,P14_fixed,403.8924255371094,0.0024999999999999467
2,8,P14_buggy,400.52618408203125,0.25749999999999995
2,8,NoRay_fixed,1444.1474609375,0.99
2,8,NoRay_buggy,1529.7144775390625,0.9975
2,9,P14_fixed,474.87957763671875,0.0024999999999999467
2,9,P14_buggy,452.9178466796875,0.2875
2,9,NoRay_fixed,1549.5860595703125,0.9875
2,9,NoRay_buggy,1763.6505126953125,0.99
2,10,P14_fixed,453.57061767578125,0.0
2,10,P14_buggy,411.0530090332031,0.30000000000000004
2,10,NoRay_fixed,1542.8143310546875,0.9975
2,10,NoRay_buggy,1594.5535888671875,0.995
2,11,P14_fixed,471.77044677734375,0.0024999999999999467
2,11,P14_buggy,400.87030029296875,0.28
2,11,NoRay_fixed,1407.498291015625,0.96
2,11,NoRay_buggy,1449.2396240234375,0.9975
2,12,P14_fixed,401.59912109375,0.0024999999999999467
2,12,P14_buggy,402.02264404296875,0.31499999999999995
2,12,NoRay_fixed,1234.3753662109375,0.9825
2,12,NoRay_buggy,1702.0133056640625,0.9975
2,13,P14_fixed,458.0738525390625,0.0024999999999999467
2,13,P14_buggy,448.56353759765625,0.28
2,13,NoRay_fixed,1338.84130859375,0.9575
2,13,NoRay_buggy,1428.217041015625,0.9775
2,14,P14_fixed,460.1842956542969,0.007499999999999951
2,14,P14_buggy,468.90533447265625,0.28500000000000003
2,14,NoRay_fixed,1602.850830078125,0.98
2,14,NoRay_buggy,1946.959716796875,0.98
3,0,P14_fixed,603.2905883789062,0.015000000000000013
3,0,P14_buggy,622.9594116210938,0.3025
3,0,NoRay_fixed,655.158447265625,0.8725
3,0,NoRay_buggy,663.2264404296875,0.98
3,1,P14_fixed,605.6695556640625,0.010000000000000009
3,1,P14_buggy,630.4118041992188,0.3125
3,1,NoRay_fixed,652.882080078125,0.995
3,1,NoRay_buggy,652.585205078125,0.87
3,2,P14_fixed,608.8550415039062,0.012499999999999956
3,2,P14_buggy,614.6022338867188,0.24250000000000005
3,2,NoRay_fixed,647.7960205078125,0.9975
3,2,NoRay_buggy,648.4794921875,0.895
3,3,P14_fixed,610.08349609375,0.0050000000000000044
3,3,P14_buggy,615.9852294921875,0.3025
3,3,NoRay_fixed,645.7269897460938,0.91
3,3,NoRay_buggy,649.6119384765625,0.94
3,4,P14_fixed,611.1212768554688,0.0050000000000000044
3,4,P14_buggy,623.680419921875,0.23250000000000004
3,4,NoRay_fixed,648.6470947265625,0.9225
3,4,NoRay_buggy,657.161376953125,0.95
3,5,P14_fixed,610.7670288085938,0.0
3,5,P14_buggy,625.4332885742188,0.38249999999999995
3,5,NoRay_fixed,648.2739868164062,0.995
3,5,NoRay_buggy,654.9789428710938,0.995
3,6,P14_fixed,613.7964477539062,0.012499999999999956
3,6,P14_buggy,622.6737060546875,0.25749999999999995
3,6,NoRay_fixed,652.3313598632812,0.95
3,6,NoRay_buggy,651.492431640625,0.985
3,7,P14_fixed,607.3207397460938,0.0
3,7,P14_buggy,627.4385986328125,0.29500000000000004
3,7,NoRay_fixed,652.6121826171875,0.655
3,7,NoRay_buggy,660.8615112304688,0.9675
3,8,P14_fixed,606.0440063476562,0.02749999999999997
3,8,P14_buggy,623.9235229492188,0.35
3,8,NoRay_fixed,644.0684204101562,0.995
3,8,NoRay_buggy,655.1427001953125,0.9425
3,9,P14_fixed,610.4288330078125,0.007499999999999951
3,9,P14_buggy,622.1446533203125,0.25
3,9,NoRay_fixed,639.529541015625,0.9675
3,9,NoRay_buggy,643.3802490234375,0.9875
3,10,P14_fixed,615.9605102539062,0.0
3,10,P14_buggy,622.2877197265625,0.29000000000000004
3,10,NoRay_fixed,649.8837890625,0.925
3,10,NoRay_buggy,658.3555908203125,0.9775
3,11,P14_fixed,609.7116088867188,0.040000000000000036
3,11,P14_buggy,622.1859741210938,0.30500000000000005
3,11,NoRay_fixed,645.785400390625,0.9225
3,11,NoRay_buggy,648.1093139648438,0.8975
3,12,P14_fixed,613.6103515625,0.0024999999999999467
3,12,P14_buggy,646.7044677734375,0.3125
3,12,NoRay_fixed,647.0150756835938,0.9375
3,12,NoRay_buggy,662.3757934570312,0.9725
3,13,P14_fixed,607.7664794921875,0.02749999999999997
3,13,P14_buggy,634.1466674804688,0.275
3,13,NoRay_fixed,652.20703125,0.9525
3,13,NoRay_buggy,660.1414184570312,0.995
3,14,P14_fixed,604.8436889648438,0.015000000000000013
3,14,P14_buggy,623.2910766601562,0.54
3,14,NoRay_fixed,644.6804809570312,0.925
3,14,NoRay_buggy,649.0502319335938,0.985
4,0,P14_fixed,827.700439453125,0.0024999999999999467
4,0,P14_buggy,832.853759765625,0.25749999999999995
4,0,NoRay_fixed,890.8604736328125,0.8575
4,0,NoRay_buggy,916.241943359375,0.9675
4,1,P14_fixed,827.674072265625,0.0024999999999999467
4,1,P14_buggy,830.428466796875,0.34750000000000003
4,1,NoRay_fixed,907.9025268554688,0.9975
4,1,NoRay_buggy,928.66015625,0.865
4,2,P14_fixed,838.4678344726562,0.0050000000000000044
4,2,P14_buggy,860.6224975585938,0.34750000000000003
4,2,NoRay_fixed,921.0385131835938,0.9875
4,2,NoRay_buggy,917.3251342773438,0.98
4,3,P14_fixed,843.5048217773438,0.007499999999999951
4,3,P14_buggy,840.9918212890625,0.31999999999999995
4,3,NoRay_fixed,918.3536376953125,0.9299999999999999
4,3,NoRay_buggy,932.2694702148438,0.99
4,4,P14_fixed,830.9247436523438,0.0050000000000000044
4,4,P14_buggy,835.2825927734375,0.29500000000000004
4,4,NoRay_fixed,902.447998046875,0.9675
4,4,NoRay_buggy,904.0347900390625,0.8875
4,5,P14_fixed,830.145751953125,0.0050000000000000044
4,5,P14_buggy,823.9479370117188,0.2975
4,5,NoRay_fixed,910.3543090820312,0.97
4,5,NoRay_buggy,948.9276123046875,0.9925
4,6,P14_fixed,835.4349365234375,0.0024999999999999467
4,6,P14_buggy,841.3613891601562,0.31999999999999995
4,6,NoRay_fixed,913.8638916015625,0.99
4,6,NoRay_buggy,931.0609130859375,0.955
4,7,P14_fixed,837.8143310546875,0.0024999999999999467
4,7,P14_buggy,833.8671264648438,0.36
4,7,NoRay_fixed,902.2313232421875,0.98
4,7,NoRay_buggy,922.4655151367188,0.975
4,8,P14_fixed,841.8235473632812,0.0024999999999999467
4,8,P14_buggy,837.8463134765625,0.2875
4,8,NoRay_fixed,909.8358764648438,0.995
4,8,NoRay_buggy,942.19873046875,0.9825
4,9,P14_fixed,828.1195068359375,0.0024999999999999467
4,9,P14_buggy,825.6499633789062,0.3125
4,9,NoRay_fixed,924.509765625,0.9275
4,9,NoRay_buggy,914.3683471679688,0.995
4,10,P14_fixed,830.6390380859375,0.0050000000000000044
4,10,P14_buggy,832.835693359375,0.22999999999999998
4,10,NoRay_fixed,901.935302734375,0.89
4,10,NoRay_buggy,930.99560546875,0.935
4,11,P14_fixed,843.1167602539062,0.010000000000000009
4,11,P14_buggy,850.3214111328125,0.31999999999999995
4,11,NoRay_fixed,879.4417724609375,0.995
4,11,NoRay_buggy,905.9967041015625,0.985
4,12,P14_fixed,828.9249877929688,0.0
4,12,P14_buggy,825.1533813476562,0.3075
4,12,NoRay_fixed,922.9107666015625,0.9425
4,12,NoRay_buggy,904.8726806640625,0.9925
4,13,P14_fixed,841.5303955078125,0.0024999999999999467
4,13,P14_buggy,851.080322265625,0.3125
4,13,NoRay_fixed,909.4942626953125,0.87
4,13,NoRay_buggy,933.8043212890625,0.8875
4,14,P14_fixed,828.4534912109375,0.0024999999999999467
4,14,P14_buggy,848.0758666992188,0.26749999999999996
4,14,NoRay_fixed,918.5587158203125,0.985
4,14,NoRay_buggy,923.0618286132812,0.975
5,0,P14_fixed,975.4898071289062,0.007499999999999951
5,0,P14_buggy,1047.75439453125,0.2875
5,0,NoRay_fixed,1778.005126953125,0.9975
5,0,NoRay_buggy,2128.132080078125,0.9975
5,1,P14_fixed,909.9906005859375,0.0024999999999999467
5,1,P14_buggy,1262.05517578125,0.2875
5,1,NoRay_fixed,1758.140625,0.985
5,1,NoRay_buggy,1883.626220703125,0.9975
5,2,P14_fixed,941.4517822265625,0.0
5,2,P14_buggy,1186.4014892578125,0.3125
5,2,NoRay_fixed,1766.540283203125,0.9975
5,2,NoRay_buggy,1792.661376953125,0.9975
5,3,P14_fixed,916.9161376953125,0.0
5,3,P14_buggy,1069.6787109375,0.245
5,3,NoRay_fixed,1575.962646484375,0.9775
5,3,NoRay_buggy,1973.3980712890625,0.9975
5,4,P14_fixed,923.7394409179688,0.0
5,4,P14_buggy,954.1934204101562,0.27249999999999996
5,4,NoRay_fixed,1691.5166015625,0.9975
5,4,NoRay_buggy,1922.0966796875,0.9975
5,5,P14_fixed,918.7516479492188,0.0024999999999999467
5,5,P14_buggy,994.9581298828125,0.25249999999999995
5,5,NoRay_fixed,1490.73388671875,0.995
5,5,NoRay_buggy,1631.4002685546875,0.9975
5,6,P14_fixed,955.10498046875,0.0050000000000000044
5,6,P14_buggy,1040.0706787109375,0.31000000000000005
5,6,NoRay_fixed,1857.1322021484375,0.9975
5,6,NoRay_buggy,1652.455322265625,0.9975
5,7,P14_fixed,928.2526245117188,0.0024999999999999467
5,7,P14_buggy,1162.618896484375,0.32999999999999996
5,7,NoRay_fixed,1663.404052734375,0.9925
5,7,NoRay_buggy,1787.557373046875,0.9925
5,8,P14_fixed,913.8186645507812,0.0024999999999999467
5,8,P14_buggy,1058.027587890625,0.3225
5,8,NoRay_fixed,1630.2607421875,0.9925
5,8,NoRay_buggy,1778.811279296875,0.9975
5,9,P14_fixed,904.339111328125,0.0024999999999999467
5,9,P14_buggy,1010.588134765625,0.29000000000000004
5,9,NoRay_fixed,1853.409423828125,0.905
5,9,NoRay_buggy,1900.08251953125,0.9975
5,10,P14_fixed,920.9320678710938,0.0
5,10,P14_buggy,945.8099365234375,0.25749999999999995
5,10,NoRay_fixed,2069.3818359375,0.9975
5,10,NoRay_buggy,2159.12841796875,0.9875
5,11,P14_fixed,934.0999145507812,0.0050000000000000044
5,11,P14_buggy,959.468505859375,0.25
5,11,NoRay_fixed,1674.916748046875,0.9975
5,11,NoRay_buggy,2059.238525390625,0.9975
5,12,P14_fixed,906.527099609375,0.0050000000000000044
5,12,P14_buggy,1032.156005859375,0.255
5,12,NoRay_fixed,1643.973876953125,0.995
5,12,NoRay_buggy,1963.5125732421875,0.9975
5,13,P14_fixed,918.263427734375,0.0
5,13,P14_buggy,1139.7596435546875,0.27
5,13,NoRay_fixed,1600.40966796875,0.995
5,13,NoRay_buggy,1683.975830078125,0.9975
5,14,P14_fixed,905.9256591796875,0.0
5,14,P14_buggy,1001.1470947265625,0.3375
5,14,NoRay_fixed,1761.554443359375,0.9925
5,14,NoRay_buggy,1626.1336669921875,0.9925
6,0,P14_fixed,1879.3360595703125,0.057499999999999996
6,0,P14_buggy,1804.3253173828125,0.34750000000000003
6,0,NoRay_fixed,1009406400.0,0.985
6,0,NoRay_buggy,857819072.0,0.7975
6,1,P14_fixed,1884.9306640625,0.05500000000000005
6,1,P14_buggy,1828.7952880859375,0.39
6,1,NoRay_fixed,160374048.0,0.97
6,1,NoRay_buggy,429805504.0,0.9575
6,2,P14_fixed,1842.7972412109375,0.022499999999999964
6,2,P14_buggy,1883.294677734375,0.4
6,2,NoRay_fixed,194947104.0,0.9299999999999999
6,2,NoRay_buggy,267170304.0,0.99
6,3,P14_fixed,1867.9766845703125,0.04500000000000004
6,3,P14_buggy,1836.9195556640625,0.475
6,3,NoRay_fixed,1024779456.0,0.9775
6,3,NoRay_buggy,671379840.0,0.945
6,4,P14_fixed,1874.072021484375,0.03500000000000003
6,4,P14_buggy,1819.2923583984375,0.4075
6,4,NoRay_fixed,893518016.0,0.985
6,4,NoRay_buggy,503119232.0,0.89
6,5,P14_fixed,1888.6588134765625,0.030000000000000027
6,5,P14_buggy,1811.3731689453125,0.395
6,5,NoRay_fixed,543248448.0,0.9475
6,5,NoRay_buggy,508259040.0,0.9275
6,6,P14_fixed,1904.0975341796875,0.03749999999999998
6,6,P14_buggy,1843.3687744140625,0.37749999999999995
6,6,NoRay_fixed,603440064.0,0.985
6,6,NoRay_buggy,398316288.0,0.6325000000000001
6,7,P14_fixed,1837.5257568359375,0.05500000000000005
6,7,P14_buggy,1824.13916015625,0.4075
6,7,NoRay_fixed,413398688.0,0.9875
6,7,NoRay_buggy,511696320.0,0.875
6,8,P14_fixed,1886.7257080078125,0.04500000000000004
6,8,P14_buggy,1820.42431640625,0.39249999999999996
6,8,NoRay_fixed,713673728.0,0.9925
6,8,NoRay_buggy,871229824.0,0.955
6,9,P14_fixed,1856.204833984375,0.02749999999999997
6,9,P14_buggy,1830.0972900390625,0.37749999999999995
6,9,NoRay_fixed,1246681216.0,0.92
6,9,NoRay_buggy,873504512.0,0.86
6,10,P14_fixed,1839.557373046875,0.03749999999999998
6,10,P14_buggy,1842.345703125,0.40249999999999997
6,10,NoRay_fixed,998238656.0,0.9625
6,10,NoRay_buggy,1366622080.0,0.9775
6,11,P14_fixed,1848.6273193359375,0.030000000000000027
6,11,P14_buggy,1823.7847900390625,0.355
6,11,NoRay_fixed,433872864.0,0.9625
6,11,NoRay_buggy,149472384.0,0.9575
6,12,P14_fixed,1864.2420654296875,0.03749999999999998
6,12,P14_buggy,1831.5347900390625,0.37749999999999995
6,12,NoRay_fixed,247694048.0,0.94
6,12,NoRay_buggy,394253920.0,0.8125
6,13,P14_fixed,1835.84033203125,0.05249999999999999
6,13,P14_buggy,1819.6595458984375,0.37749999999999995
6,13,NoRay_fixed,620686848.0,0.94
6,13,NoRay_buggy,643801280.0,0.885
6,14,P14_fixed,1829.279296875,0.03500000000000003
6,14,P14_buggy,1827.267333984375,0.36250000000000004
6,14,NoRay_fixed,370450560.0,0.99
6,14,NoRay_buggy,541018816.0,0.94
7,0,P14_fixed,2029.0733642578125,0.010000000000000009
7,0,P14_buggy,2039.025634765625,0.23750000000000004
7,0,NoRay_fixed,2116.801513671875,0.655
7,0,NoRay_buggy,2119.94580078125,0.8575
7,1,P14_fixed,2023.7972412109375,0.007499999999999951
7,1,P14_buggy,2039.332763671875,0.3125
7,1,NoRay_fixed,2102.62646484375,0.8075
7,1,NoRay_buggy,2121.1884765625,0.6875
7,2,P14_fixed,2035.127685546875,0.0024999999999999467
7,2,P14_buggy,2028.908447265625,0.30000000000000004
7,2,NoRay_fixed,2083.95654296875,0.815
7,2,NoRay_buggy,2107.84228515625,0.9175
7,3,P14_fixed,2023.8604736328125,0.025000000000000022
7,3,P14_buggy,2035.8662109375,0.28500000000000003
7,3,NoRay_fixed,2096.241943359375,0.575
7,3,NoRay_buggy,2102.72998046875,0.8425
7,4,P14_fixed,2025.9415283203125,0.007499999999999951
7,4,P14_buggy,2038.865478515625,0.26249999999999996
7,4,NoRay_fixed,2087.598388671875,0.665
7,4,NoRay_buggy,2100.666015625,0.675
7,5,P14_fixed,2025.1732177734375,0.015000000000000013
7,5,P14_buggy,2047.3231201171875,0.25
7,5,NoRay_fixed,2093.52783203125,0.5125
7,5,NoRay_buggy,2116.84326171875,0.7025
7,6,P14_fixed,2024.6553955078125,0.010000000000000009
7,6,P14_buggy,2032.9952392578125,0.25749999999999995
7,6,NoRay_fixed,2086.60791015625,0.8325
7,6,NoRay_buggy,2112.444580078125,0.9125
7,7,P14_fixed,2012.0306396484375,0.025000000000000022
7,7,P14_buggy,2053.405517578125,0.245
7,7,NoRay_fixed,2077.3046875,0.47750000000000004
7,7,NoRay_buggy,2093.84521484375,0.895
7,8,P14_fixed,2031.0283203125,0.040000000000000036
7,8,P14_buggy,2032.344482421875,0.275
7,8,NoRay_fixed,2085.4130859375,0.6925
7,8,NoRay_buggy,2128.71728515625,0.9299999999999999
7,9,P14_fixed,2027.8243408203125,0.01749999999999996
7,9,P14_buggy,2038.0762939453125,0.385
7,9,NoRay_fixed,2093.9716796875,0.6225
7,9,NoRay_buggy,2130.909912109375,0.9425
7,10,P14_fixed,2022.791259765625,0.0
7,10,P14_buggy,2033.174072265625,0.3025
7,10,NoRay_fixed,2081.765625,0.29000000000000004
7,10,NoRay_buggy,2100.84033203125,0.9825
7,11,P14_fixed,2029.701416015625,0.0024999999999999467
7,11,P14_buggy,2036.3282470703125,0.25249999999999995
7,11,NoRay_fixed,2104.745849609375,0.965
7,11,NoRay_buggy,2110.79833984375,0.935
7,12,P14_fixed,2032.2529296875,0.020000000000000018
7,12,P14_buggy,2057.47802734375,0.27249999999999996
7,12,NoRay_fixed,2105.184814453125,0.8325
7,12,NoRay_buggy,2133.732421875,0.8674999999999999
7,13,P14_fixed,2035.6204833984375,0.015000000000000013
7,13,P14_buggy,2048.348388671875,0.28500000000000003
7,13,NoRay_fixed,2098.00537109375,0.8625
7,13,NoRay_buggy,2088.841064453125,0.9675
7,14,P14_fixed,2030.72998046875,0.007499999999999951
7,14,P14_buggy,2044.9234619140625,0.3175
7,14,NoRay_fixed,2093.737548828125,0.6425000000000001
7,14,NoRay_buggy,2112.9013671875,0.87
8,0,P14_fixed,2221.95361328125,0.007499999999999951
8,0,P14_buggy,2221.194091796875,0.5775
8,0,NoRay_fixed,2227.59716796875,0.6825
8,0,NoRay_buggy,2232.21728515625,0.9375
8,1,P14_fixed,2222.980712890625,0.0
8,1,P14_buggy,2225.443603515625,0.27249999999999996
8,1,NoRay_fixed,2228.894775390625,0.29000000000000004
8,1,NoRay_buggy,2230.124267578125,0.8775
8,2,P14_fixed,2221.465087890625,0.040000000000000036
8,2,P14_buggy,2223.592041015625,0.5700000000000001
8,2,NoRay_fixed,2253.1923828125,0.6074999999999999
8,2,NoRay_buggy,2240.629150390625,0.85
8,3,P14_fixed,2222.728271484375,0.0024999999999999467
8,3,P14_buggy,2223.875,0.2875
8,3,NoRay_fixed,2259.180908203125,0.565
8,3,NoRay_buggy,2233.787353515625,0.9375
8,4,P14_fixed,2221.96875,0.0050000000000000044
8,4,P14_buggy,2222.623291015625,0.3125
8,4,NoRay_fixed,2233.56298828125,0.995
8,4,NoRay_buggy,2239.349609375,0.975
8,5,P14_fixed,2221.20166015625,0.007499999999999951
8,5,P14_buggy,2225.3994140625,0.29500000000000004
8,5,NoRay_fixed,2231.429931640625,0.385
8,5,NoRay_buggy,2237.93408203125,0.9775
8,6,P14_fixed,2221.85693359375,0.0024999999999999467
8,6,P14_buggy,2223.799560546875,0.30000000000000004
8,6,NoRay_fixed,2227.177001953125,0.785
8,6,NoRay_buggy,2230.1171875,0.7224999999999999
8,7,P14_fixed,2222.482177734375,0.0
8,7,P14_buggy,2226.316650390625,0.28500000000000003
8,7,NoRay_fixed,2228.3935546875,0.21999999999999997
8,7,NoRay_buggy,2234.892333984375,0.8
8,8,P14_fixed,2222.69189453125,0.0
8,8,P14_buggy,2222.407958984375,0.22750000000000004
8,8,NoRay_fixed,2230.129150390625,0.42500000000000004
8,8,NoRay_buggy,2267.446044921875,0.7050000000000001
8,9,P14_fixed,2222.643798828125,0.0024999999999999467
8,9,P14_buggy,2222.91796875,0.27
8,9,NoRay_fixed,2234.539306640625,0.11250000000000004
8,9,NoRay_buggy,2229.870849609375,0.8674999999999999
8,10,P14_fixed,2221.874755859375,0.0050000000000000044
8,10,P14_buggy,2223.62646484375,0.2875
8,10,NoRay_fixed,2229.72705078125,0.5075000000000001
8,10,NoRay_buggy,2232.735595703125,0.8075
8,11,P14_fixed,2222.88134765625,0.0024999999999999467
8,11,P14_buggy,2222.64501953125,0.46499999999999997
8,11,NoRay_fixed,2226.80419921875,0.47250000000000003
8,11,NoRay_buggy,2227.593505859375,0.7725
8,12,P14_fixed,2221.67578125,0.010000000000000009
8,12,P14_buggy,2225.7021484375,0.8475
8,12,NoRay_fixed,2233.215087890625,0.6599999999999999
8,12,NoRay_buggy,2231.9599609375,0.8375
8,13,P14_fixed,2222.11962890625,0.007499999999999951
8,13,P14_buggy,2224.60693359375,0.3075
8,13,NoRay_fixed,2234.662109375,0.885
8,13,NoRay_buggy,2241.21484375,0.7775
8,14,P14_fixed,2222.311279296875,0.0050000000000000044
8,14,P14_buggy,2225.02001953125,0.3075
8,14,NoRay_fixed,2233.47900390625,0.79
8,14,NoRay_buggy,2232.984375,0.6875
9,0,P14_fixed,2481.361083984375,0.0
9,0,P14_buggy,2482.54736328125,0.24750000000000005
9,0,NoRay_fixed,3289.9091796875,0.6025
9,0,NoRay_buggy,3362.083984375,0.8425
9,1,P14_fixed,2481.349609375,0.0
9,1,P14_buggy,2480.963134765625,0.22499999999999998
9,1,NoRay_fixed,2864.81103515625,0.0
9,1,NoRay_buggy,2921.223388671875,0.99
9,2,P14_fixed,2482.51953125,0.0
9,2,P14_buggy,2481.980224609375,0.2875
9,2,NoRay_fixed,2812.6337890625,0.0024999999999999467
9,2,NoRay_buggy,2821.98828125,0.5925
9,3,P14_fixed,2489.31103515625,0.0
9,3,P14_buggy,2481.6103515625,0.22750000000000004
9,3,NoRay_fixed,2925.55712890625,0.06999999999999995
9,3,NoRay_buggy,3151.91357421875,0.785
9,4,P14_fixed,2482.057373046875,0.0
9,4,P14_buggy,2481.0654296875,0.25
9,4,NoRay_fixed,2962.201416015625,0.05500000000000005
9,4,NoRay_buggy,2974.11962890625,0.7075
9,5,P14_fixed,2482.62841796875,0.0
9,5,P14_buggy,2481.288818359375,0.20750000000000002
9,5,NoRay_fixed,2867.7734375,0.135
9,5,NoRay_buggy,2898.65380859375,0.3225
9,6,P14_fixed,2481.458251953125,0.0
9,6,P14_buggy,2480.919189453125,0.1975
9,6,NoRay_fixed,2945.87939453125,0.01749999999999996
9,6,NoRay_buggy,2964.72119140625,0.755
9,7,P14_fixed,2481.50244140625,0.0
9,7,P14_buggy,2488.37060546875,0.28
9,7,NoRay_fixed,3033.6416015625,0.010000000000000009
9,7,NoRay_buggy,3087.32080078125,0.725
9,8,P14_fixed,2482.666015625,0.0
9,8,P14_buggy,2481.34814453125,0.22999999999999998
9,8,NoRay_fixed,3097.4345703125,0.9725
9,8,NoRay_buggy,3113.861572265625,0.94
9,9,P14_fixed,2481.549560546875,0.0
9,9,P14_buggy,2481.024169921875,0.22999999999999998
9,9,NoRay_fixed,3002.718994140625,0.01749999999999996
9,9,NoRay_buggy,2963.680908203125,0.9775
9,10,P14_fixed,2481.76318359375,0.0
9,10,P14_buggy,2481.5888671875,0.29000000000000004
9,10,NoRay_fixed,2910.4052734375,0.09999999999999998
9,10,NoRay_buggy,2962.86083984375,0.33999999999999997
9,11,P14_fixed,2481.037353515625,0.0
9,11,P14_buggy,2481.171630859375,0.26249999999999996
9,11,NoRay_fixed,2826.3740234375,0.0050000000000000044
9,11,NoRay_buggy,2847.833251953125,0.95
9,12,P14_fixed,2488.08447265625,0.0
9,12,P14_buggy,2481.557373046875,0.2825
9,12,NoRay_fixed,3017.16162109375,0.8200000000000001
9,12,NoRay_buggy,3003.89013671875,0.61
9,13,P14_fixed,2484.687744140625,0.0
9,13,P14_buggy,2481.840576171875,0.275
9,13,NoRay_fixed,2952.617919921875,0.8625
9,13,NoRay_buggy,3058.7080078125,0.495
9,14,P14_fixed,2485.244384765625,0.0
9,14,P14_buggy,2486.144287109375,0.25
9,14,NoRay_fixed,3083.0712890625,0.7150000000000001
9,14,NoRay_buggy,3135.9794921875,0.8175
10,0,P14_fixed,2501.080322265625,0.020000000000000018
10,0,P14_buggy,2501.08154296875,0.6725
10,0,NoRay_fixed,2580.177978515625,0.0050000000000000044
10,0,NoRay_buggy,2627.1591796875,0.5425
10,1,P14_fixed,2500.759765625,0.04749999999999999
10,1,P14_buggy,2500.931884765625,0.49750000000000005
10,1,NoRay_fixed,2740.6162109375,0.9575
10,1,NoRay_buggy,2775.711669921875,0.775
10,2,P14_fixed,2500.837646484375,0.020000000000000018
10,2,P14_buggy,2500.904296875,0.905
10,2,NoRay_fixed,2983.2626953125,0.985
10,2,NoRay_buggy,2881.029052734375,0.9775
10,3,P14_fixed,2500.83544921875,0.020000000000000018
10,3,P14_buggy,2501.535888671875,0.6025
10,3,NoRay_fixed,2801.98876953125,0.9675
10,3,NoRay_buggy,2762.28271484375,0.7775
10,4,P14_fixed,2500.49462890625,0.020000000000000018
10,4,P14_buggy,2500.9375,0.44999999999999996
10,4,NoRay_fixed,3351.36572265625,0.96
10,4,NoRay_buggy,3168.817626953125,0.9925
10,5,P14_fixed,2500.62060546875,0.022499999999999964
10,5,P14_buggy,2501.08642578125,0.5549999999999999
10,5,NoRay_fixed,3447.488037109375,0.9775
10,5,NoRay_buggy,5944.4384765625,0.9175
10,6,P14_fixed,2500.68115234375,0.0050000000000000044
10,6,P14_buggy,2501.37353515625,0.63
10,6,NoRay_fixed,3297.35888671875,0.965
10,6,NoRay_buggy,3444.51171875,0.9675
10,7,P14_fixed,2501.423583984375,0.020000000000000018
10,7,P14_buggy,2500.92822265625,0.6799999999999999
10,7,NoRay_fixed,2821.1279296875,0.7224999999999999
10,7,NoRay_buggy,2981.32568359375,0.8475
10,8,P14_fixed,2500.7119140625,0.010000000000000009
10,8,P14_buggy,2501.056396484375,0.635
10,8,NoRay_fixed,3658.610595703125,0.9925
10,8,NoRay_buggy,3520.803955078125,0.9975
10,9,P14_fixed,2501.038330078125,0.030000000000000027
10,9,P14_buggy,2500.834228515625,0.635
10,9,NoRay_fixed,2585.6171875,0.0050000000000000044
10,9,NoRay_buggy,2594.03173828125,0.13749999999999996
10,10,P14_fixed,2500.646240234375,0.020000000000000018
10,10,P14_buggy,2501.220458984375,0.5525
10,10,NoRay_fixed,2831.450439453125,0.8925
10,10,NoRay_buggy,2746.555419921875,0.9425
10,11,P14_fixed,2500.750244140625,0.025000000000000022
10,11,P14_buggy,2501.115478515625,0.5375
10,11,NoRay_fixed,4063.05078125,0.99
10,11,NoRay_buggy,6181.57861328125,0.99
10,12,P14_fixed,2500.6689453125,0.02749999999999997
10,12,P14_buggy,2500.795654296875,0.7525
10,12,NoRay_fixed,4063.96142578125,0.9925
10,12,NoRay_buggy,2982.265380859375,0.965
10,13,P14_fixed,2500.72998046875,0.025000000000000022
10,13,P14_buggy,2500.770263671875,0.73
10,13,NoRay_fixed,2751.56982421875,0.9025
10,13,NoRay_buggy,2778.32470703125,0.9525
10,14,P14_fixed,2500.836181640625,0.020000000000000018
10,14,P14_buggy,2500.71533203125,0.745
10,14,NoRay_fixed,3270.75927734375,0.9375
10,14,NoRay_buggy,3659.841796875,0.935
11,0,P14_fixed,3031.498779296875,0.0
11,0,P14_buggy,2944.80810546875,0.3075
11,0,NoRay_fixed,7380.1259765625,0.96
11,0,NoRay_buggy,7200.76416015625,0.9299999999999999
11,1,P14_fixed,3044.388916015625,0.007499999999999951
11,1,P14_buggy,3208.111328125,0.255
11,1,NoRay_fixed,5817.0771484375,0.9725
11,1,NoRay_buggy,6852.68701171875,0.9275
11,2,P14_fixed,3070.0126953125,0.0
11,2,P14_buggy,2935.895263671875,0.30500000000000005
11,2,NoRay_fixed,7419.7734375,0.9525
11,2,NoRay_buggy,7227.5947265625,0.97
11,3,P14_fixed,2955.525390625,0.007499999999999951
11,3,P14_buggy,3009.084228515625,0.30500000000000005
11,3,NoRay_fixed,7249.57763671875,0.975
11,3,NoRay_buggy,7217.0283203125,0.9625
11,4,P14_fixed,3063.71044921875,0.0
11,4,P14_buggy,3001.322021484375,0.28
11,4,NoRay_fixed,7258.07861328125,0.87
11,4,NoRay_buggy,7054.90283203125,0.97
11,5,P14_fixed,3031.026611328125,0.0024999999999999467
11,5,P14_buggy,3001.009765625,0.28
11,5,NoRay_fixed,7568.46630859375,0.5775
11,5,NoRay_buggy,7539.68505859375,0.98
11,6,P14_fixed,3046.716064453125,0.0050000000000000044
11,6,P14_buggy,3001.684814453125,0.21999999999999997
11,6,NoRay_fixed,7268.2705078125,0.7625
11,6,NoRay_buggy,7110.6962890625,0.9775
11,7,P14_fixed,2951.218017578125,0.0050000000000000044
11,7,P14_buggy,3134.725830078125,0.275
11,7,NoRay_fixed,7336.33544921875,0.995
11,7,NoRay_buggy,7311.23828125,0.97
11,8,P14_fixed,3055.445068359375,0.0
11,8,P14_buggy,3008.085693359375,0.2825
11,8,NoRay_fixed,6401.6826171875,0.94
11,8,NoRay_buggy,6305.7578125,0.9675
11,9,P14_fixed,3008.400146484375,0.0
11,9,P14_buggy,3010.07373046875,0.25249999999999995
11,9,NoRay_fixed,7550.23583984375,0.96
11,9,NoRay_buggy,7587.92529296875,0.9425
11,10,P14_fixed,3029.19287109375,0.0024999999999999467
11,10,P14_buggy,2928.14111328125,0.27749999999999997
11,10,NoRay_fixed,7428.5263671875,0.975
11,10,NoRay_buggy,7278.85498046875,0.965
11,11,P14_fixed,3011.757080078125,0.0
11,11,P14_buggy,3009.6533203125,0.29500000000000004
11,11,NoRay_fixed,6387.2900390625,0.95
11,11,NoRay_buggy,6684.99169921875,0.96
11,12,P14_fixed,3023.5986328125,0.007499999999999951
11,12,P14_buggy,2782.688720703125,0.29500000000000004
11,12,NoRay_fixed,7061.4931640625,0.7975
11,12,NoRay_buggy,7168.4208984375,0.9675
11,13,P14_fixed,2999.9326171875,0.007499999999999951
11,13,P14_buggy,3151.663330078125,0.27749999999999997
11,13,NoRay_fixed,6403.7705078125,0.845
11,13,NoRay_buggy,6510.4736328125,0.9925
11,14,P14_fixed,3040.4140625,0.0024999999999999467
11,14,P14_buggy,2706.068359375,0.2975
11,14,NoRay_fixed,6698.19775390625,0.5775
11,14,NoRay_buggy,6800.736328125,0.9525
12,0,P14_fixed,2992.4765625,0.0024999999999999467
12,0,P14_buggy,3080.229736328125,0.28500000000000003
12,0,NoRay_fixed,3621.509765625,0.9675
12,0,NoRay_buggy,3640.8720703125,0.9475
12,1,P14_fixed,3036.630615234375,0.0
12,1,P14_buggy,3010.616455078125,0.26749999999999996
12,1,NoRay_fixed,3657.87353515625,0.9475
12,1,NoRay_buggy,3711.47607421875,0.965
12,2,P14_fixed,2978.072265625,0.0
12,2,P14_buggy,3093.802734375,0.26749999999999996
12,2,NoRay_fixed,3696.2900390625,0.8325
12,2,NoRay_buggy,3720.0751953125,0.9525
12,3,P14_fixed,3021.293212890625,0.0
12,3,P14_buggy,2985.24609375,0.28
12,3,NoRay_fixed,3642.198974609375,0.9075
12,3,NoRay_buggy,3721.33642578125,0.9475
12,4,P14_fixed,3011.5322265625,0.0
12,4,P14_buggy,3118.623291015625,0.21999999999999997
12,4,NoRay_fixed,3545.83984375,0.5775
12,4,NoRay_buggy,3616.082275390625,0.9825
12,5,P14_fixed,3031.671630859375,0.0024999999999999467
12,5,P14_buggy,3036.004638671875,0.29000000000000004
12,5,NoRay_fixed,3581.45263671875,0.995
12,5,NoRay_buggy,3597.80810546875,0.9575
12,6,P14_fixed,3014.3662109375,0.0
12,6,P14_buggy,3078.745361328125,0.25749999999999995
12,6,NoRay_fixed,3918.61767578125,0.83
12,6,NoRay_buggy,3894.953369140625,0.975
12,7,P14_fixed,3022.6982421875,0.0024999999999999467
12,7,P14_buggy,3020.875244140625,0.275
12,7,NoRay_fixed,3487.857421875,0.75
12,7,NoRay_buggy,3520.17041015625,0.995
12,8,P14_fixed,3027.873046875,0.0
12,8,P14_buggy,3067.7392578125,0.21499999999999997
12,8,NoRay_fixed,3787.796875,0.915
12,8,NoRay_buggy,3796.002197265625,0.8725
12,9,P14_fixed,3007.337890625,0.0
12,9,P14_buggy,3112.595703125,0.26249999999999996
12,9,NoRay_fixed,3731.9111328125,0.98
12,9,NoRay_buggy,3843.70361328125,0.9299999999999999
12,10,P14_fixed,3086.0595703125,0.007499999999999951
12,10,P14_buggy,3018.452880859375,0.31499999999999995
12,10,NoRay_fixed,3666.48388671875,0.9625
12,10,NoRay_buggy,3711.66796875,0.9075
12,11,P14_fixed,3048.455078125,0.0
12,11,P14_buggy,3008.51318359375,0.29000000000000004
12,11,NoRay_fixed,3585.58447265625,0.985
12,11,NoRay_buggy,3586.892578125,0.925
12,12,P14_fixed,2982.38720703125,0.0024999999999999467
12,12,P14_buggy,3062.517578125,0.27749999999999997
12,12,NoRay_fixed,3743.11181640625,0.9825
12,12,NoRay_buggy,3668.825927734375,0.995
12,13,P14_fixed,3028.718017578125,0.0050000000000000044
12,13,P14_buggy,3117.80615234375,0.28
12,13,NoRay_fixed,3705.06005859375,0.55
12,13,NoRay_buggy,3749.18359375,0.94
12,14,P14_fixed,3027.37255859375,0.0
12,14,P14_buggy,3058.589111328125,0.265
12,14,NoRay_fixed,3702.5205078125,0.8125
12,14,NoRay_buggy,3720.220458984375,0.7925
